section_number	section_title	final_score	dense_norm	bm25_norm	metadata_boost	reranking	retrieval_rank	rerank_rank
52	Competence of husband and wife to give evidence as to cruelty or desertion	0.778740	0.934969	0.851022	0.090000	0.851540	1	3
34	Husband may claim damages from adulterer	0.771453	1.000000	0.718812	0.045000	0.902126	2	2
10	When husband may petition for dissolution	0.723036	0.762572	1.000000	0.045000	0.912711	3	1
35	Power to order adulterer to pay costs	0.537515	0.627309	0.555444	0.000000	0.510545	4	9
39	Power to order settlement of wife's property for benefit of husband and children	0.536536	0.539885	0.672375	0.090000	0.648692	5	5
11	Adulterer to be co-respondent	0.506056	0.644898	0.394427	0.000000	0.350416	6	13
33	Joining of co-defendant	0.499955	0.587289	0.485243	0.000000	0.425198	7	11
62	Power to make rules	0.492803	0.587855	0.455503	0.000000	0.354437	8	12
15	Relief in case of opposition on certain grounds	0.487907	0.433638	0.744353	0.000000	0.641975	9	6
50	Settlement of wife's property for benefit of children	0.458880	0.484037	0.500447	0.045000	0.595114	10	8
14	Power to Court to pronounce decree for dissolving marriage	0.446633	0.566089	0.314355	0.000000	0.276685	11	15
62	Power to make rules	0.435367	0.368442	0.664584	0.000000	0.731174	12	4
2	Grounds for decree for dissolution of marriage	0.432710	0.365137	0.660567	0.000000	0.028526	13	21
3	Interpretation-clause	0.423053	0.319651	0.712912	0.000000	0.466172	14	10
10	Extent of husband's liability for wife's breach of trust or devastation	0.416102	0.379421	0.511565	0.090000	0.019456	15	23
25	Separated wife deemed spinster for purposes of contract and suing	0.389896	0.266570	0.659445	0.045000	0.034684	16	20
8	Wife's liability for postnuptial debts	0.385080	0.327299	0.518723	0.045000	0.003438	17	30
28	Court may grant protection-order	0.364533	0.274106	0.569918	0.000000	0.039881	18	18
9	Husband not liable for wife's antenuptial debts	0.362698	0.180152	0.696489	0.090000	0.007443	19	29
22	Bar to decree for divorce	0.353868	0.191932	0.691608	0.000000	0.631090	20	7
30	Liability of husband seizing wife's property after notice of order	0.345333	0.122305	0.742722	0.090000	0.008481	21	28
62	Power to make rules	0.337429	0.257672	0.494370	0.000000	0.305092	22	14
36	Suit for restitution of conjugal rights	0.310798	0.137657	0.627876	0.000000	0.026219	23	22
16	Wife's domicile during marriage	0.306319	0.000000	0.858275	0.045000	0.012078	24	26
14	Power to Court to pronounce decree for dissolving marriage	0.302441	0.268748	0.332269	0.000000	0.126965	25	17
40	Permanent alimony	0.287153	0.111931	0.584748	0.000000	0.014304	26	24
27	Deserted wife may apply to Court for protection	0.284539	0.071472	0.628212	0.045000	0.039480	27	19
37	Power to order permanent alimony	0.284077	0.074980	0.646347	0.000000	0.011667	28	27
62	Power to make rules	0.277276	0.207425	0.354255	0.000000	0.193063	29	16
26	Decree of separation obtained during absence of husband or wife may be reversed	0.276868	0.056160	0.601150	0.090000	0.012413	30	25
