section_number	section_title	final_score	dense_norm	bm25_norm	metadata_boost
52	Competence of husband and wife to give evidence as to cruelty or desertion	0.830240	0.934969	0.991022	0.200000
34	Husband may claim damages from adulterer	0.779703	1.000000	0.718812	0.100000
10	When husband may petition for dissolution	0.731286	0.762572	1.000000	0.100000
35	Power to order adulterer to pay costs	0.572515	0.627309	0.695444	0.000000
39	Power to order settlement of wife's property for benefit of husband and children	0.553036	0.539885	0.672375	0.200000
62	Power to make rules	0.527803	0.587855	0.595503	0.000000
11	Adulterer to be co-respondent	0.506056	0.644898	0.394427	0.000000
33	Joining of co-defendant	0.499955	0.587289	0.485243	0.000000
15	Relief in case of opposition on certain grounds	0.487907	0.433638	0.744353	0.000000
62	Power to make rules	0.470367	0.368442	0.804584	0.000000
10	Extent of husband's liability for wife's breach of trust or devastation	0.467602	0.379421	0.651565	0.200000
50	Settlement of wife's property for benefit of children	0.467130	0.484037	0.500447	0.100000
3	Interpretation-clause	0.458053	0.319651	0.852912	0.000000
14	Power to Court to pronounce decree for dissolving marriage	0.446633	0.566089	0.314355	0.000000
2	Grounds for decree for dissolution of marriage	0.432710	0.365137	0.660567	0.000000
25	Separated wife deemed spinster for purposes of contract and suing	0.398146	0.266570	0.659445	0.100000
8	Wife's liability for postnuptial debts	0.393330	0.327299	0.518723	0.100000
9	Husband not liable for wife's antenuptial debts	0.379198	0.180152	0.696489	0.200000
28	Court may grant protection-order	0.364533	0.274106	0.569918	0.000000
30	Liability of husband seizing wife's property after notice of order	0.361833	0.122305	0.742722	0.200000
22	Bar to decree for divorce	0.353868	0.191932	0.691608	0.000000
16	Wife's domicile during marriage	0.314569	0.000000	0.858275	0.100000
36	Suit for restitution of conjugal rights	0.310798	0.137657	0.627876	0.000000
14	Power to Court to pronounce decree for dissolving marriage	0.302441	0.268748	0.332269	0.000000
26	Decree of separation obtained during absence of husband or wife may be reversed	0.293368	0.056160	0.601150	0.200000
27	Deserted wife may apply to Court for protection	0.292789	0.071472	0.628212	0.100000
40	Permanent alimony	0.287153	0.111931	0.584748	0.000000
37	Power to order permanent alimony	0.284077	0.074980	0.646347	0.000000
24	Separated wife deemed spinster with respect to after-acquired property	0.276150	0.000000	0.704600	0.100000
5	Punishment of bigamy	0.271867	0.000000	0.747466	0.000000
